<?xml version="1.0" encoding="UTF-8" ?>
<extension type="package" version="3.8" method="upgrade">
    <name>pkg_junewsultra</name>
    <packagename>junewsultra</packagename>
    <creationDate>03.11.2019</creationDate>
    <packager>Joomla! Ukraine</packager>
    <copyright>(C) 2009-2019 Denys Nosov, Joomla! Ukraine</copyright>
    <packagerurl>http://joomla-ua.org</packagerurl>
    <author>Denys Nosov, Joomla! Ukraine</author>
    <authorEmail>denys@joomla-ua.org</authorEmail>
    <authorUrl>https://joomla-ua.org</authorUrl>
    <version>6.6.2</version>
    <license>GNU/GPL Version 2 or later and Creative Commons Attribution-Noncommercial-No Derivative Works 3.0 License</license>
    <description>PKG_MOD_JUNEWS_DESCRIPTION</description>

    <scriptfile>script.php</scriptfile>
    <update>http://joomla-ua.org/update/mod/junewsultra.xml</update>

    <updateservers>
        <server type="extension" priority="1" name="JUNewsUltra">https://joomla-ua.org/update/mod/junewsultra.xml</server>
    </updateservers>

    <files folder="packages">
        <file type="module" id="mod_junewsultra" client="site">mod_junewsultra.zip</file>
        <file type="file" id="tmpl_mod_junewsultra_default" client="site">tmpl_mod_junewsultra_default.zip</file>
        <file type="library" id="juimage">lib_juimage_v3.6.8.zip</file>
    </files>

    <languages folder="language">
        <language tag="en-GB">en-GB/en-GB.pkg_junewsultra.ini</language>
        <language tag="en-GB">en-GB/en-GB.pkg_junewsultra.sys.ini</language>
        <language tag="en-GB">en-GB/en-GB.mod_junewsultra.ini</language>
        <language tag="en-GB">en-GB/en-GB.mod_junewsultra.sys.ini</language>

        <language tag="uk-UA">uk-UA/uk-UA.pkg_junewsultra.ini</language>
        <language tag="uk-UA">uk-UA/uk-UA.pkg_junewsultra.sys.ini</language>
        <language tag="uk-UA">uk-UA/uk-UA.mod_junewsultra.ini</language>
        <language tag="uk-UA">uk-UA/uk-UA.mod_junewsultra.sys.ini</language>

        <language tag="ru-RU">ru-RU/ru-RU.pkg_junewsultra.ini</language>
        <language tag="ru-RU">ru-RU/ru-RU.pkg_junewsultra.sys.ini</language>
        <language tag="ru-RU">ru-RU/ru-RU.mod_junewsultra.ini</language>
        <language tag="ru-RU">ru-RU/ru-RU.mod_junewsultra.sys.ini</language>
    </languages>
</extension>